Company Name,Phone Number,Address
Western Animal Hospital,(323) 733-2500,address not found
USDA-APHIS,(310) 955-3311,address not found
Western Animal Hospital,(323) 733-2500,address not found
USDA-APHIS,(310) 955-3311,address not found
Affordable Animal Hospital Eagle Rock,(323) 503-2400,address not found
Thomas Veterinary Hospital,(562) 923-9497,address not found
San Gabriel Animal Hospital,(626) 280-4070,address not found
VCA Animal Specialty Group,(747) 273-0778,address not found
Bellwood Animal Hospital,(562) 272-7777,address not found
Bellwood Animal Hospital,(562) 272-7777,address not found
Ambassador Long Beach Veterinary Hospital,(562) 684-2053,"2251-55 E Carson St Long Beach, CA 90807"
Grand Pet Care Center,(714) 558-7622,address not found
Animal Medical Center,(714) 716-5859,address not found
Bellwood Animal Hospital,(562) 272-7777,"17435 Lakewood Blvd Bellflower, CA 90706"
Ambassador Long Beach Veterinary Hospital,(562) 684-2053,"2251-55 E Carson St Long Beach, CA 90807"
Grand Pet Care Center,(714) 558-7622,"1602 N Grand Ave Santa Ana, CA 92701"
Grand Pet Care Center,(714) 558-7622,"1602 N Grand Ave Santa Ana, CA 92701"
Animal Medical Center,(714) 716-5859,"16540 Hbr Blvd Ste A Fountain Valley, CA 92708"
Grand Pet Care Center,(714) 558-7622,"1602 N Grand Ave Santa Ana, CA 92701"
Animal Medical Center,(714) 716-5859,"16540 Hbr Blvd Ste A Fountain Valley, CA 92708"
Grand Pet Care Center,(714) 558-7622,"1602 N Grand Ave Santa Ana, CA 92701"
Animal Medical Center,(714) 716-5859,"16540 Hbr Blvd Ste A Fountain Valley, CA 92708"
Grand Pet Care Center,(714) 558-7622,"1602 N Grand Ave Santa Ana, CA 92701"
Elite Veterinary Care,(310) 956-1702,"4139 Via Marina Marina Del Rey, CA 90292"
The Melrose Vet,(323) 310-5555,"8304 Melrose Ave Los Angeles, CA 90069"
Grand Pet Care Center,(714) 558-7622,"1602 N Grand Ave Santa Ana, CA 92701"
Animal Medical Center,(714) 716-5859,"16540 Hbr Blvd Ste A Fountain Valley, CA 92708"
Elite Veterinary Care,(310) 956-1702,"4139 Via Marina Marina Del Rey, CA 90292"
The Melrose Vet,(323) 310-5555,"8304 Melrose Ave Los Angeles, CA 90069"
Ever Animal Care,(424) 512-8135,address not found
Serenity Veterinary Care,(424) 239-5831,address not found
Serenity Veterinary Care,(424) 239-5831,address not found
Serenity Veterinary Care,(424) 239-5831,address not found
Western Animal Hospital,(323) 733-2500,"1726 S Western Ave Los Angeles, CA 90006"
USDA-APHIS,(310) 955-3311,"222 Kansas St El Segundo, CA 90245"
Affordable Animal Hospital Eagle Rock,(323) 503-2400,"4000 Eagle Rock Blvd Los Angeles, CA 90065"
Thomas Veterinary Hospital,(562) 923-9497,"11548 Downey Ave Downey, CA 90241"
San Gabriel Animal Hospital,(626) 280-4070,"1829 Potrero Grande Dr Monterey Park, CA 91755"
VCA Animal Specialty Group,(747) 273-0778,"4641 Colorado Blvd Los Angeles, CA 90039"
Bellwood Animal Hospital,(562) 272-7777,"17435 Lakewood Blvd Bellflower, CA 90706"
Ambassador Long Beach Veterinary Hospital,(562) 684-2053,"2251-55 E Carson St Long Beach, CA 90807"
Grand Pet Care Center,(714) 558-7622,"1602 N Grand Ave Santa Ana, CA 92701"
Animal Medical Center,(714) 716-5859,"16540 Hbr Blvd Ste A Fountain Valley, CA 92708"
Sylmar Grooming,(818) 367-4840,"13645 Foothill Blvd Sylmar, CA 91342"
